{
  "total": 735,
  "correct": 613,
  "failed_execution": 3,
  "no_ground_truth": 42,
  "accuracy": 0.8845598845598845,
  "per_solver": {
    "heuristic": {
      "total": 231,
      "correct": 205,
      "accuracy": 0.8874458874458875
    },
    "metaheuristic": {
      "total": 231,
      "correct": 204,
      "accuracy": 0.8831168831168831
    },
    "hyperheuristic": {
      "total": 231,
      "correct": 204,
      "accuracy": 0.8831168831168831
    }
  }
}